Word,Count
to,36
for,31
Setting,16
Function,12
user,12
in,11
Hooks,10
Getting,10
*,10
all,9
Creating,9
data,9
and,8
if,8
image,8
call,8
the,8
Checking,7
of,7
elements,6
profile,6
toolbar,6
String,6
Variable,6
view,6
id,5
viewpager,5
variable,5
store,5
Variables,5
down,4
holders,4
text,4
drop,4
animation,4
Inflate,4
layout,4
getting,4
empty,4
fragment,4
database,4
passed,4
variables,4
from,4
this,4
,3
intent,3
button,3
values,3
default,3
When,3
details,3
function,3
collapsing,3
no,3
profession,3
adapter,3
are,3
word,3
recruiter,3
header,3
will,3
path,3
hooks,3
on,3
url,3
Close,3
get,3
photo,3
Condition,3
object,3
email,3
a,3
URI,3
tabLayout,3
is,3
value,3
changes,2
Box,2
Edit,2
<a,2
searchbar,2
class,2
execute,2
@see,2
needed,2
user's,2
listener,2
search,2
listeners,2
All,2
Firebase,2
userDetails,2
or,2
tablayout,2
edit,2
Database,2
For,2
&,2
device,2
edittext,2
local,2
internet,2
initial,2
with,2
not,2
clicked,2
Hooking,2
bar,2
\test,\,2
Uploading,2
ui,2
\href="\http://d.android.com/tools/testing"\>Testing\,2
reference,2
Handle,2
which,2
Loading,2
create,2
click,2
were,2
any,2
selected,2
password,2
documentation</a>,2
professions,2
list,2
Declaring,2
app,2
as,2
Alert,2
users,2
Hook,2
Password,2
confirmation,2
things,1
Floating,1
Out,1
network,1
\viewpager,\,1
fields,1
be,1
suggestion,1
Email,1
Authenticate,1
Clicks,1
unit,1
Storing,1
Extracting,1
MODIFY,1
outer,1
welcome,1
log,1
Down,1
Reversing,1
machine,1
Textview,1
handle,1
Progress,1
constructor,1
arrays,1
show,1
2,1
current,1
like,1
3,1
we,1
Intent,1
remove,1
Animation,1
at,1
top,1
Automatically,1
under,1
invisible,1
texts,1
had,1
Reset,1
dropdown,1
every,1
link,1
clickable,1
Path,1
calls,1
pass,1
only,1
adapters,1
Adding,1
Example,1
If,1
Text,1
Drawer,1
userID,1
Forget,1
through,1
using,1
TextViews,1
via,1
signup,1
Assigning,1
bitmaps,1
Image,1
Imageview,1
Bitmap,1
navigation,1
track,1
Collapse,1
Listing,1
array,1
make,1
Sign,1
string,1
location,1
Layout,1
logged,1
textBoxes,1
NOT,1
connected,1
detected,1
editing,1
Tracking,1
//,1
Toolbar,1
Autocomplete,1
Funtion,1
so,1
drawer,1
true,1
1,1
reset,1
generated,1
Click,1
development,1
actionbar,1
Specific,1
UserDetails,1
logs,1
(host),1
unnecessary,1
two,1
passing,1
up,1
result,1
Later,1
download,1
files,1
Input,1
Calling,1
by,1
found,1
translation,1
viewPager's,1
Android,1
Strings,1
imageURL,1
developer,1
test,1
has,1
Conditions,1
id's,1
Instrumented,1
general,1
Empty,1
done,1
select,1
Profile,1
Action,1
listen,1
isRecruiter,1
To,1
opacity,1
chat,1
recycler,1
check,1
page,1
here,1
Drop,1
DO,1
Constant,1
made,1
inner,1
instance,1
file,1
signupFragment,1
Sending,1
an,1
Single,1
inputs,1
position,1
Tabs,1
take,1
description.setText(Path);,1
box,1
Signing,1
autocomplete,1
Context,1
creates,1
userObject,1
set,1
Need,1
clicks,1
last,1
login,1
Onclick,1
Profession,1
updated,1
